CustomerID,Name,Phone,Address,City
1,Kavya Reddy,9193214172,"Koramangala, Delhi",Mumbai
2,Siddharth Joshi,1628503012,"Civil Lines, Jaipur",Pune
3,Neha Joshi,6430427670,"Civil Lines, Hyderabad",Jaipur
4,Siddharth Mehta,2645852001,"MG Road, Jaipur",Jaipur
5,Rajesh Reddy,2428071930,"Koramangala, Pune",Ahmedabad
6,Amit Khan,0190541137,"Gachibowli, Mumbai",Hyderabad
7,Siddharth Reddy,8936103237,"Gachibowli, Jaipur",Delhi
8,Ishani Pandey,6107304510,"Satellite, Ahmedabad",Delhi
9,Aarav Mehta,0772118191,"Koramangala, Ahmedabad",Ahmedabad
10,Ananya Chopra,1694228116,"Andheri West, Hyderabad",Ahmedabad
11,Rajesh Pandey,8478848980,"Gachibowli, Ahmedabad",Mumbai
12,Rohit Singh,4559839849,"Andheri West, Hyderabad",Pune
13,Aarav Sharma,9412974585,"Koramangala, Jaipur",Hyderabad
14,Rajesh Singh,8990988243,"Koramangala, Pune",Ahmedabad
15,Rajesh Chopra,1481868737,"Malviya Nagar, Hyderabad",Mumbai
16,Rajesh Mehta,4672353920,"Civil Lines, Hyderabad",Mumbai
17,Rohit Pandey,4625735153,"Malviya Nagar, Delhi",Delhi
18,Rohit Khan,9123848204,"Satellite, Jaipur",Hyderabad
19,Rajesh Khan,0295343848,"Gachibowli, Pune",Hyderabad
20,Amit Pandey,1026389909,"Malviya Nagar, Bangalore",Jaipur
21,Ishani Reddy,2508355230,"Malviya Nagar, Hyderabad",Pune
22,Ananya Patel,1797224182,"Civil Lines, Hyderabad",Ahmedabad
23,Kavya Chopra,7825409281,"Koramangala, Mumbai",Ahmedabad
24,Pooja Reddy,3411593260,"MG Road, Ahmedabad",Bangalore
25,Neha Mehta,2553167252,"Andheri West, Mumbai",Delhi
26,Siddharth Mehta,9123856567,"Satellite, Jaipur",Mumbai
27,Rohit Mehta,2418889877,"Satellite, Jaipur",Jaipur
28,Kavya Reddy,5435837231,"Civil Lines, Delhi",Bangalore
29,Kavya Khan,3267207003,"Andheri West, Delhi",Ahmedabad
30,Ishani Pandey,5888593917,"Andheri West, Delhi",Jaipur
31,Pooja Reddy,1821354737,"Satellite, Mumbai",Pune
32,Siddharth Khan,6714583573,"Satellite, Delhi",Pune
33,Pooja Singh,5356402137,"MG Road, Ahmedabad",Mumbai
34,Neha Khan,4571657261,"Andheri West, Pune",Pune
35,Neha Pandey,9612213363,"MG Road, Pune",Hyderabad
36,Neha Chopra,7044028318,"Civil Lines, Jaipur",Pune
37,Siddharth Khan,6828242068,"Andheri West, Mumbai",Ahmedabad
38,Pooja Mehta,6983872542,"Malviya Nagar, Jaipur",Jaipur
39,Kavya Mehta,9421711987,"Malviya Nagar, Pune",Pune
40,Kavya Joshi,4181441465,"Satellite, Jaipur",Delhi
41,Amit Chopra,2362700098,"Satellite, Hyderabad",Pune
42,Pooja Pandey,4094169273,"Civil Lines, Bangalore",Bangalore
43,Neha Patel,4496257370,"Malviya Nagar, Ahmedabad",Mumbai
44,Siddharth Chopra,8730442646,"MG Road, Bangalore",Mumbai
45,Neha Sharma,9982963201,"Civil Lines, Bangalore",Jaipur
46,Ananya Reddy,5545771842,"Gachibowli, Mumbai",Pune
47,Ananya Reddy,5627502427,"Malviya Nagar, Hyderabad",Hyderabad
48,Ananya Khan,1954956073,"Satellite, Hyderabad",Mumbai
49,Pooja Chopra,5697693330,"Koramangala, Ahmedabad",Mumbai
50,Aarav Pandey,8828774776,"Gachibowli, Ahmedabad",Pune
51,Pooja Pandey,0393657181,"Gachibowli, Mumbai",Delhi
52,Siddharth Gupta,1224083348,"Malviya Nagar, Mumbai",Hyderabad
53,Rajesh Gupta,2537027368,"Malviya Nagar, Ahmedabad",Hyderabad
54,Siddharth Pandey,7151636970,"Gachibowli, Hyderabad",Delhi
55,Aarav Mehta,3594603251,"Satellite, Mumbai",Delhi
56,Neha Chopra,5716844166,"Satellite, Pune",Jaipur
57,Amit Sharma,4396544714,"Civil Lines, Mumbai",Ahmedabad
58,Kavya Singh,3455560295,"Andheri West, Jaipur",Hyderabad
59,Ishani Gupta,9530346006,"Malviya Nagar, Ahmedabad",Jaipur
60,Kavya Reddy,5003992233,"Satellite, Hyderabad",Delhi
61,Ishani Pandey,1156692378,"Malviya Nagar, Pune",Mumbai
62,Rajesh Khan,3030199317,"Gachibowli, Hyderabad",Bangalore
63,Siddharth Sharma,3849289142,"MG Road, Hyderabad",Delhi
64,Ananya Gupta,2177521018,"Civil Lines, Mumbai",Pune
65,Siddharth Mehta,9561803150,"Satellite, Hyderabad",Jaipur
66,Pooja Sharma,8176394653,"Malviya Nagar, Hyderabad",Bangalore
67,Amit Gupta,8618527141,"Koramangala, Delhi",Bangalore
68,Neha Reddy,0516365762,"Koramangala, Jaipur",Pune
69,Pooja Pandey,9737012697,"Andheri West, Mumbai",Bangalore
70,Ishani Mehta,1276523492,"Koramangala, Mumbai",Pune
71,Pooja Joshi,7598229457,"Civil Lines, Delhi",Ahmedabad
72,Kavya Joshi,8325613453,"Andheri West, Hyderabad",Mumbai
73,Aarav Khan,8168254794,"MG Road, Hyderabad",Hyderabad
74,Rohit Patel,9590335533,"Gachibowli, Ahmedabad",Hyderabad
75,Neha Singh,0335991550,"Andheri West, Mumbai",Jaipur
76,Neha Pandey,8369312421,"Civil Lines, Delhi",Hyderabad
77,Amit Sharma,2505597469,"Koramangala, Delhi",Hyderabad
78,Rohit Mehta,3623678186,"Malviya Nagar, Jaipur",Jaipur
79,Ananya Singh,8009915190,"Gachibowli, Bangalore",Pune
80,Siddharth Mehta,0561679314,"Malviya Nagar, Bangalore",Mumbai
81,Ananya Chopra,1237747658,"MG Road, Ahmedabad",Hyderabad
82,Aarav Chopra,8909399436,"Andheri West, Bangalore",Ahmedabad
83,Aarav Khan,4306749938,"Civil Lines, Ahmedabad",Hyderabad
84,Ishani Singh,9790087856,"Gachibowli, Delhi",Hyderabad
85,Siddharth Mehta,7073288490,"Civil Lines, Hyderabad",Bangalore
86,Neha Gupta,7805171617,"Malviya Nagar, Mumbai",Hyderabad
87,Rohit Patel,4881818738,"MG Road, Jaipur",Delhi
88,Rajesh Khan,1484263519,"Satellite, Pune",Pune
89,Rajesh Sharma,4364574128,"MG Road, Pune",Bangalore
90,Ananya Pandey,4383455887,"Satellite, Jaipur",Delhi
91,Ananya Mehta,5242410073,"Gachibowli, Ahmedabad",Ahmedabad
92,Rohit Chopra,1706134273,"Gachibowli, Hyderabad",Jaipur
93,Siddharth Patel,9816855134,"Malviya Nagar, Hyderabad",Mumbai
94,Ishani Gupta,5205954435,"Koramangala, Pune",Bangalore
95,Ananya Reddy,3042992868,"Andheri West, Ahmedabad",Ahmedabad
96,Aarav Joshi,8408232880,"Civil Lines, Delhi",Bangalore
97,Pooja Mehta,2978712294,"Satellite, Hyderabad",Jaipur
98,Rajesh Pandey,1452209969,"Koramangala, Ahmedabad",Mumbai
99,Aarav Patel,0046759681,"Andheri West, Mumbai",Jaipur
100,Pooja Chopra,5137176713,"Koramangala, Bangalore",Pune
101,Neha Joshi,9341634580,"Andheri West, Delhi",Jaipur
102,Ishani Sharma,3498489874,"Satellite, Mumbai",Jaipur
103,Kavya Mehta,8402260379,"Andheri West, Hyderabad",Ahmedabad
104,Amit Joshi,4969195522,"Gachibowli, Hyderabad",Jaipur
105,Kavya Patel,2082088348,"MG Road, Jaipur",Delhi
106,Neha Sharma,9661124164,"MG Road, Mumbai",Hyderabad
107,Pooja Singh,5695452513,"Andheri West, Bangalore",Hyderabad
108,Aarav Sharma,7784452797,"Malviya Nagar, Hyderabad",Ahmedabad
109,Kavya Joshi,6570697786,"Koramangala, Delhi",Hyderabad
110,Rohit Reddy,5678588591,"MG Road, Ahmedabad",Hyderabad
111,Ananya Joshi,1562843615,"Andheri West, Delhi",Delhi
112,Rajesh Pandey,5458269912,"Andheri West, Bangalore",Jaipur
113,Ananya Patel,7934939718,"Gachibowli, Ahmedabad",Jaipur
114,Pooja Khan,6252385408,"Gachibowli, Bangalore",Delhi
115,Kavya Sharma,8084530582,"MG Road, Hyderabad",Ahmedabad
116,Aarav Pandey,5216010058,"Koramangala, Pune",Hyderabad
117,Rajesh Reddy,7598588088,"Civil Lines, Jaipur",Delhi
118,Ishani Pandey,7687171909,"Koramangala, Bangalore",Mumbai
119,Kavya Reddy,8485703885,"Satellite, Bangalore",Ahmedabad
120,Neha Singh,5779432674,"Andheri West, Pune",Jaipur
121,Aarav Joshi,7425376802,"Malviya Nagar, Delhi",Delhi
122,Siddharth Sharma,6758802010,"Civil Lines, Bangalore",Ahmedabad
123,Amit Mehta,9086306903,"Malviya Nagar, Mumbai",Jaipur
124,Kavya Patel,2324112516,"Civil Lines, Jaipur",Mumbai
125,Ishani Chopra,7419792945,"Koramangala, Delhi",Mumbai
126,Aarav Singh,0472402115,"MG Road, Pune",Hyderabad
127,Siddharth Patel,8999114783,"MG Road, Pune",Pune
128,Siddharth Sharma,9312132497,"Gachibowli, Pune",Pune
129,Aarav Patel,9840692134,"Koramangala, Pune",Hyderabad
130,Rohit Mehta,3237048488,"Andheri West, Mumbai",Bangalore
131,Rajesh Pandey,4648167309,"Satellite, Hyderabad",Pune
132,Aarav Joshi,1298941489,"Gachibowli, Pune",Ahmedabad
133,Ananya Reddy,6336061705,"Gachibowli, Pune",Delhi
134,Pooja Joshi,4467871611,"Gachibowli, Pune",Jaipur
135,Ishani Joshi,9923383910,"Gachibowli, Pune",Mumbai
136,Siddharth Mehta,0434517656,"Andheri West, Delhi",Mumbai
137,Pooja Singh,7817184996,"Andheri West, Ahmedabad",Mumbai
138,Aarav Mehta,6481048120,"Malviya Nagar, Bangalore",Bangalore
139,Rohit Khan,0323855028,"Malviya Nagar, Mumbai",Hyderabad
140,Rajesh Chopra,9149654449,"Malviya Nagar, Bangalore",Mumbai
141,Amit Joshi,3848413297,"Koramangala, Mumbai",Ahmedabad
142,Rohit Sharma,5271171215,"Koramangala, Ahmedabad",Hyderabad
143,Ananya Pandey,7089129382,"Satellite, Mumbai",Ahmedabad
144,Neha Joshi,5028524594,"Satellite, Mumbai",Ahmedabad
145,Siddharth Mehta,0409132753,"MG Road, Ahmedabad",Pune
146,Pooja Patel,6307405051,"Malviya Nagar, Bangalore",Jaipur
147,Rohit Khan,7626491051,"Malviya Nagar, Jaipur",Bangalore
148,Ananya Reddy,2352862356,"Koramangala, Hyderabad",Jaipur
149,Rajesh Gupta,6461589569,"Satellite, Hyderabad",Mumbai
150,Siddharth Sharma,6317164212,"MG Road, Hyderabad",Ahmedabad
151,Siddharth Mehta,3661591196,"Andheri West, Jaipur",Mumbai
152,Aarav Mehta,0034592781,"Satellite, Delhi",Ahmedabad
153,Kavya Pandey,5641239540,"Satellite, Jaipur",Ahmedabad
154,Amit Mehta,0814139844,"MG Road, Hyderabad",Delhi
155,Rajesh Singh,0468292990,"Malviya Nagar, Jaipur",Hyderabad
156,Aarav Reddy,8828904203,"MG Road, Bangalore",Delhi
157,Rohit Gupta,4722417158,"Koramangala, Pune",Delhi
158,Ishani Khan,8339438562,"MG Road, Pune",Bangalore
159,Pooja Gupta,5320914320,"Malviya Nagar, Hyderabad",Hyderabad
160,Aarav Chopra,6759161028,"Malviya Nagar, Ahmedabad",Ahmedabad
161,Amit Singh,3707129598,"Malviya Nagar, Ahmedabad",Delhi
162,Kavya Pandey,7585952122,"Malviya Nagar, Mumbai",Delhi
163,Rajesh Khan,6903961149,"Satellite, Hyderabad",Ahmedabad
164,Kavya Mehta,5693949304,"Civil Lines, Mumbai",Mumbai
165,Ananya Singh,2184604300,"MG Road, Mumbai",Delhi
166,Kavya Reddy,7895539021,"Koramangala, Mumbai",Bangalore
167,Pooja Pandey,2294143563,"Satellite, Delhi",Bangalore
168,Siddharth Gupta,7434731020,"Satellite, Pune",Ahmedabad
169,Aarav Joshi,9166621472,"Koramangala, Hyderabad",Delhi
170,Ananya Chopra,6960615454,"MG Road, Hyderabad",Mumbai
171,Siddharth Gupta,3826567122,"Satellite, Ahmedabad",Jaipur
172,Ishani Joshi,2378422105,"Civil Lines, Jaipur",Delhi
173,Neha Gupta,6738486788,"Satellite, Pune",Jaipur
174,Siddharth Joshi,1566487392,"Malviya Nagar, Ahmedabad",Pune
175,Ananya Mehta,9755231118,"Andheri West, Jaipur",Hyderabad
176,Ishani Singh,0059088351,"MG Road, Delhi",Ahmedabad
177,Pooja Mehta,7366337216,"Malviya Nagar, Pune",Delhi
178,Aarav Joshi,6195381136,"Koramangala, Delhi",Mumbai
179,Pooja Reddy,5836865078,"MG Road, Ahmedabad",Mumbai
180,Siddharth Mehta,6812482542,"MG Road, Ahmedabad",Mumbai
181,Rajesh Gupta,1763652614,"Malviya Nagar, Ahmedabad",Jaipur
182,Rajesh Mehta,3130627562,"Andheri West, Delhi",Jaipur
183,Neha Mehta,2195613319,"MG Road, Mumbai",Hyderabad
184,Rajesh Pandey,1807530529,"Satellite, Mumbai",Bangalore
185,Ishani Joshi,3284627506,"Koramangala, Hyderabad",Pune
186,Amit Patel,5603460173,"Andheri West, Mumbai",Jaipur
187,Amit Patel,1902626122,"Gachibowli, Hyderabad",Mumbai
188,Kavya Pandey,0695092369,"Gachibowli, Delhi",Mumbai
189,Kavya Chopra,6776904495,"Satellite, Hyderabad",Delhi
190,Kavya Mehta,6495687138,"Koramangala, Ahmedabad",Hyderabad
191,Amit Chopra,2011121682,"Andheri West, Mumbai",Bangalore
192,Pooja Khan,9714924576,"Koramangala, Delhi",Bangalore
193,Neha Gupta,0247892613,"Andheri West, Pune",Pune
194,Rohit Khan,1398969720,"Koramangala, Bangalore",Jaipur
195,Ishani Gupta,5731779451,"Civil Lines, Mumbai",Hyderabad
196,Ishani Sharma,1184384779,"Koramangala, Bangalore",Ahmedabad
197,Ananya Singh,7337253834,"Satellite, Jaipur",Hyderabad
198,Siddharth Singh,4497151113,"Civil Lines, Mumbai",Mumbai
199,Aarav Singh,6428516182,"MG Road, Mumbai",Mumbai
200,Rohit Gupta,0634576287,"Satellite, Delhi",Jaipur
201,Aarav Pandey,4486576987,"Civil Lines, Delhi",Jaipur
202,Ananya Pandey,2227725002,"Satellite, Mumbai",Bangalore
203,Rajesh Patel,0683067320,"Gachibowli, Hyderabad",Mumbai
204,Aarav Khan,5505179605,"Gachibowli, Pune",Hyderabad
205,Pooja Singh,3290472677,"Gachibowli, Pune",Pune
206,Pooja Singh,5855895985,"Satellite, Delhi",Mumbai
207,Pooja Gupta,3488605022,"Andheri West, Bangalore",Mumbai
208,Siddharth Gupta,9519862819,"Koramangala, Pune",Mumbai
209,Rohit Patel,8958895956,"Satellite, Mumbai",Jaipur
210,Neha Gupta,3080136906,"Satellite, Delhi",Hyderabad
211,Siddharth Chopra,9035403099,"Koramangala, Ahmedabad",Jaipur
212,Ananya Singh,7461667145,"Malviya Nagar, Jaipur",Bangalore
213,Kavya Patel,0632911224,"Gachibowli, Ahmedabad",Pune
214,Pooja Chopra,0603727831,"Andheri West, Ahmedabad",Bangalore
215,Pooja Chopra,9411675918,"Koramangala, Ahmedabad",Hyderabad
216,Neha Mehta,8366790386,"Koramangala, Mumbai",Pune
217,Rohit Singh,2395752328,"MG Road, Ahmedabad",Ahmedabad
218,Ishani Gupta,3734387957,"Civil Lines, Delhi",Hyderabad
219,Neha Chopra,6243165270,"Satellite, Bangalore",Delhi
220,Neha Patel,1750129456,"Satellite, Delhi",Ahmedabad
221,Ananya Patel,7603878937,"Koramangala, Mumbai",Jaipur
222,Pooja Singh,3831184729,"Civil Lines, Delhi",Jaipur
223,Pooja Pandey,5867405894,"Satellite, Jaipur",Jaipur
224,Amit Singh,8777453420,"MG Road, Bangalore",Mumbai
225,Ishani Gupta,9406740074,"Satellite, Jaipur",Ahmedabad
226,Ananya Joshi,2035665988,"Satellite, Delhi",Bangalore
227,Neha Sharma,7250802849,"Satellite, Delhi",Hyderabad
228,Rohit Gupta,8719259258,"Andheri West, Jaipur",Pune
229,Pooja Patel,2458789672,"Malviya Nagar, Jaipur",Hyderabad
230,Ananya Joshi,7602439724,"Gachibowli, Bangalore",Hyderabad
231,Amit Reddy,4208442664,"Andheri West, Pune",Mumbai
232,Aarav Pandey,7944879993,"Gachibowli, Hyderabad",Bangalore
233,Rohit Gupta,0814926806,"Andheri West, Pune",Ahmedabad
234,Rajesh Sharma,1232125854,"Civil Lines, Hyderabad",Jaipur
235,Ananya Patel,4914149739,"Koramangala, Hyderabad",Pune
236,Ishani Gupta,2585896266,"Satellite, Hyderabad",Ahmedabad
237,Siddharth Khan,3856492417,"Malviya Nagar, Mumbai",Bangalore
238,Neha Singh,3023217995,"Satellite, Ahmedabad",Hyderabad
239,Rajesh Gupta,4067930452,"Gachibowli, Jaipur",Mumbai
240,Aarav Gupta,3699692429,"MG Road, Hyderabad",Mumbai
241,Siddharth Sharma,9943911490,"MG Road, Delhi",Hyderabad
242,Kavya Gupta,4622536354,"Civil Lines, Pune",Ahmedabad
243,Amit Khan,3532628253,"Malviya Nagar, Bangalore",Pune
244,Amit Chopra,9995982626,"Satellite, Ahmedabad",Delhi
245,Pooja Sharma,5231558340,"Andheri West, Delhi",Delhi
246,Pooja Patel,8283845737,"Andheri West, Pune",Jaipur
247,Rohit Sharma,4015232675,"Gachibowli, Hyderabad",Ahmedabad
248,Kavya Khan,7582288925,"Civil Lines, Pune",Hyderabad
249,Pooja Pandey,7293964396,"Gachibowli, Hyderabad",Hyderabad
250,Rohit Khan,7118631153,"Satellite, Jaipur",Mumbai
251,Amit Reddy,2094803826,"Andheri West, Delhi",Ahmedabad
252,Neha Pandey,1551874062,"Koramangala, Pune",Pune
253,Ananya Khan,2789360905,"MG Road, Jaipur",Mumbai
254,Siddharth Pandey,6493149948,"Koramangala, Ahmedabad",Jaipur
255,Rajesh Joshi,0166491537,"Andheri West, Mumbai",Delhi
256,Aarav Mehta,1164228436,"Civil Lines, Ahmedabad",Ahmedabad
257,Amit Joshi,6204919463,"Gachibowli, Mumbai",Bangalore
258,Ishani Chopra,1680852590,"Gachibowli, Jaipur",Hyderabad
259,Amit Joshi,9372562933,"Koramangala, Hyderabad",Pune
260,Ishani Sharma,7257761993,"Andheri West, Hyderabad",Jaipur
261,Rajesh Sharma,3198586080,"Malviya Nagar, Hyderabad",Delhi
262,Pooja Sharma,2264098607,"Andheri West, Delhi",Bangalore
263,Ishani Mehta,0962738602,"Koramangala, Jaipur",Mumbai
264,Rohit Gupta,8739818310,"Malviya Nagar, Delhi",Ahmedabad
265,Ishani Khan,2396176815,"Koramangala, Mumbai",Hyderabad
266,Ishani Sharma,1103094853,"Civil Lines, Bangalore",Pune
267,Siddharth Reddy,7250978609,"Andheri West, Ahmedabad",Pune
268,Aarav Sharma,0911448796,"Andheri West, Mumbai",Jaipur
269,Ishani Joshi,8235554091,"Koramangala, Bangalore",Delhi
270,Ananya Gupta,4195752139,"Civil Lines, Hyderabad",Ahmedabad
271,Ishani Khan,3420851450,"Andheri West, Mumbai",Jaipur
272,Neha Mehta,8036798050,"Malviya Nagar, Delhi",Jaipur
273,Rajesh Sharma,1080118875,"MG Road, Hyderabad",Jaipur
274,Amit Patel,7503916239,"Gachibowli, Delhi",Delhi
275,Amit Khan,4523595171,"Satellite, Delhi",Pune
276,Ishani Joshi,3953080276,"Koramangala, Pune",Hyderabad
277,Ananya Khan,8809239112,"Andheri West, Hyderabad",Ahmedabad
278,Rohit Reddy,9829375012,"MG Road, Delhi",Ahmedabad
279,Rohit Pandey,7597935537,"Civil Lines, Mumbai",Mumbai
280,Ananya Khan,2892404331,"Koramangala, Jaipur",Pune
281,Amit Singh,0799720305,"Satellite, Pune",Bangalore
282,Amit Patel,9051506771,"Andheri West, Pune",Mumbai
283,Rajesh Patel,0838255228,"Civil Lines, Ahmedabad",Pune
284,Aarav Patel,3518746803,"Gachibowli, Hyderabad",Mumbai
285,Rohit Reddy,4475806241,"Andheri West, Hyderabad",Delhi
286,Ishani Patel,3575428077,"Satellite, Bangalore",Bangalore
287,Ananya Joshi,5670370778,"Malviya Nagar, Mumbai",Ahmedabad
288,Aarav Patel,9420736368,"Malviya Nagar, Jaipur",Jaipur
289,Rajesh Gupta,4639958288,"Gachibowli, Delhi",Bangalore
290,Ananya Mehta,3698297342,"MG Road, Ahmedabad",Bangalore
291,Ishani Khan,6507559195,"Gachibowli, Pune",Pune
292,Ishani Joshi,1089307337,"Satellite, Hyderabad",Pune
293,Kavya Mehta,5525811266,"Koramangala, Pune",Bangalore
294,Rohit Khan,4440347525,"Satellite, Ahmedabad",Hyderabad
295,Rajesh Mehta,5072912072,"Koramangala, Jaipur",Ahmedabad
296,Rohit Sharma,6671028571,"Gachibowli, Bangalore",Jaipur
297,Siddharth Joshi,6721377969,"Malviya Nagar, Pune",Jaipur
298,Aarav Sharma,6633244842,"Andheri West, Ahmedabad",Ahmedabad
299,Pooja Gupta,8413555089,"Civil Lines, Delhi",Delhi
300,Rajesh Sharma,0640341465,"MG Road, Delhi",Bangalore
